"__mclCluster","adj_P_Val","AverageShortestPathLength","BetweennessCentrality","ClosenessCentrality","ClusteringCoefficient","Degree","DiffExpressed","Eccentricity","GNC - Common","HUB","IsSingleNode","logFC","name","NeighborhoodConnectivity","NumberOfDirectedEdges","NumberOfUndirectedEdges","PartnerOfMultiEdgedNodePairs","Radiality","selected","SelfLoops","shared name","Stress","TopologicalCoefficient"
"2","2.5562316102587858E-5","3.1097560975609757","2.3693309601168682E-4","0.32156862745098036","0.4666666666666667","6","DOWN","6","true",,"false","-0.7457717777777778","SERPINA6","16.0","0","6","0","0.8945121951219512","false","0","SERPINA6","16","0.5161290322580645"
"6","1.392358513892499E-4","2.142857142857143","0.0","0.4666666666666667","1.0","2","UP","3","true",,"false","0.6532266666666666","PARP14","7.5","0","2","0","0.8857142857142858","false","0","PARP14","0","0.75"
"1","5.8697398512819955E-9","3.8515625","0.06637961439037404","0.25963488843813387","0.4","5","UP","6","true","1","false","2.2111","FN1","7.8","0","5","0","0.9304496951219512","false","0","FN1","18804","0.3"
"4","1.78357705835474E-9","3.2916666666666665","0.15942028985507248","0.3037974683544304","0.0","2","UP","5","true",,"false","0.7145351111111111","ZDHHC7","2.0","0","2","0","0.7916666666666667","false","0","ZDHHC7","108","0.5"
"1","6.906367275043954E-7","6.140625","0.0","0.1628498727735369","1.0","3","UP","10","true",,"false","0.8131353333333335","PDGFC","7.666666666666667","0","3","0","0.8746189024390244","false","0","PDGFC","0","0.6388888888888888"
"2","9.321793412653398E-7","3.3536585365853657","3.297916577049368E-4","0.2981818181818182","0.7","5","DOWN","6","false",,"false","-2.216704222222222","RNU6-570P","14.8","0","5","0","0.8823170731707318","false","0","RNU6-570P","16","0.49333333333333335"
"4","1.1412921625004382E-8","2.5","0.2282608695652174","0.4","0.0","2","UP","4","true",,"false","1.1773140000000002","LMO7","6.5","0","2","0","0.8636363636363636","false","0","LMO7","156","0.5"
"1","3.6743760661968926E-7","4.6953125","0.01654036293124446","0.2129783693843594","0.13333333333333333","10","UP","8","true",,"false","0.9849140000000003","NUAK1","5.7","0","10","0","0.9098704268292683","false","0","NUAK1","6380","0.18"
"6","2.0395048717112996E-8","2.642857142857143","0.005494505494505495","0.3783783783783784","0.0","2","UP","4","true",,"false","0.917966","XAF1","3.0","0","2","0","0.8357142857142857","false","0","XAF1","2","0.6666666666666666"
"5","7.061843696168067E-5","1.8235294117647058","0.03176847662141779","0.5483870967741935","0.5","4","DOWN","3","true",,"false","-0.7649388888888891","FBLN5","6.75","0","4","0","0.9176470588235294","false","0","FBLN5","44","0.421875"
"3","0.003540139050687184","1.4137931034482758","0.1392947147066212","0.7073170731707318","0.017543859649122806","19","DOWN","3","true","1","false","-1.6238604444444447","REG3A","4.578947368421052","0","19","0","0.9820089955022488","false","0","REG3A","674","0.3157894736842105"
"1","7.909622734086957E-8","4.46875","0.053258377942013664","0.22377622377622378","0.27705627705627706","22","UP","8","true",,"false","0.7398557777777778","SUGCT","9.590909090909092","0","22","0","0.9153963414634146","false","0","SUGCT","15272","0.19573283858998144"
"6","4.036724577046372E-5","2.0714285714285716","0.0","0.48275862068965514","1.0","2","UP","3","true",,"false","0.8889426666666667","IFI44","9.5","0","2","0","0.8928571428571429","false","0","IFI44","0","0.8636363636363636"
"6","5.256933528981236E-8","1.2857142857142858","0.3454735740450026","0.7777777777777777","0.3111111111111111","10","UP","2","true","1","false","0.9646617777777777","RSAD2","4.5","0","10","0","0.9714285714285713","false","0","RSAD2","134","0.32142857142857145"
"5","5.367389103112579E-4","2.3529411764705883","0.0","0.425","1.0","2","DOWN","4","true",,"false","-1.0388273333333333","CHRDL1","7.0","0","2","0","0.8647058823529411","false","0","CHRDL1","0","0.7"
"3","5.742329646322283E-4","1.8275862068965518","0.01984293142544374","0.5471698113207547","0.3333333333333333","7","DOWN","3","true",,"false","-1.7448384444444445","REG1A","9.571428571428571","0","7","0","0.9640179910044978","false","0","REG1A","72","0.3544973544973545"
"1","6.02473158033191E-8","4.375","0.0011532478114190837","0.22857142857142856","0.5","4","UP","7","true",,"false","0.9271624444444443","SPOCK1","6.25","0","4","0","0.9176829268292683","false","0","SPOCK1","100","0.390625"
"6","1.6204154928834184E-7","1.7857142857142858","0.0315018315018315","0.5599999999999999","0.6","5","UP","3","true",,"false","1.0571731111111111","OAS2","6.4","0","5","0","0.9214285714285714","false","0","OAS2","16","0.5333333333333333"
"6","3.071845323315246E-5","1.7142857142857142","0.050104657247514395","0.5833333333333334","0.5","5","UP","3","true",,"false","1.2289117777777776","IFI44L","6.0","0","5","0","0.9285714285714286","false","0","IFI44L","24","0.46153846153846156"
"1","1.7251178577307828E-7","5.4453125","4.534897775935903E-4","0.1836441893830703","0.3","5","UP","9","true",,"false","1.5138422222222223","EDIL3","8.0","0","5","0","0.891577743902439","false","0","EDIL3","34","0.38"
"2","3.8597617131575006E-5","3.0609756097560976","3.3425441811470115E-4","0.32669322709163345","0.7333333333333333","6","DOWN","6","true",,"false","-1.018595111111111","PAH","16.0","0","6","0","0.896951219512195","false","0","PAH","22","0.45714285714285713"
"6","1.2803490656115644E-7","2.0","0.052328623757195186","0.5","0.3333333333333333","3","UP","3","true",,"false","1.0535862222222223","DDX60","5.666666666666667","0","3","0","0.9","false","0","DDX60","28","0.5333333333333333"
"1","3.6729473614634544E-5","4.8984375","0.003556928430821147","0.20414673046251994","0.0","3","UP","8","true",,"false","0.6420546666666667","SH3PXD2B","6.666666666666667","0","3","0","0.9049161585365854","false","0","SH3PXD2B","722","0.37777777777777777"
"6","5.174357724227967E-8","2.2142857142857144","0.0","0.45161290322580644","1.0","2","UP","3","true",,"false","1.3512633333333333","IFI27","7.0","0","2","0","0.8785714285714284","false","0","IFI27","0","0.7777777777777778"
"1","8.64904854507449E-7","5.34375","0.002988099739394999","0.1871345029239766","0.6","6","UP","9","false",,"false","1.0800866666666666","CORIN","11.333333333333334","0","6","0","0.8940548780487805","false","0","CORIN","2176","0.37777777777777777"
"3","9.128553110744615E-6","1.7586206896551724","0.018894886396720583","0.5686274509803921","0.23809523809523808","7","DOWN","2","true","1","false","-2.8201451111111107","PNLIPRP2","13.857142857142858","0","7","0","0.967016491754123","false","0","PNLIPRP2","168","0.5026455026455027"
"1","1.2095400971034484E-9","4.5703125","0.0056784637112443775","0.2188034188034188","0.6060606060606061","12","UP","8","true",,"false","1.1414517777777777","PPAPDC1A","14.083333333333334","0","12","0","0.9129192073170732","false","0","PPAPDC1A","3018","0.3061594202898551"
"1","1.4757205676877063E-6","5.21875","0.010119186680791554","0.19161676646706588","0.38095238095238093","7","UP","9","true",,"false","1.4890444444444442","CDH11","11.0","0","7","0","0.8971036585365854","false","0","CDH11","5786","0.2714285714285714"
"3","1.237007372599126E-5","1.8620689655172413","0.0019308273566212984","0.5370370370370371","0.5","4","DOWN","2","true",,"false","-2.5449413333333335","CLPS","17.0","0","4","0","0.9625187406296851","false","0","CLPS","46","0.5862068965517241"
"1","5.306861689717087E-10","5.03125","0.0","0.19875776397515527","0.0","1","UP","8","true",,"false","1.2684082222222222","MICAL2","9.0","0","1","0","0.9016768292682927","false","0","MICAL2","0","0.0"
"2","2.800511979017611E-4","3.475609756097561","0.0013080463508497898","0.28771929824561404","0.0","3","DOWN","6","true",,"false","-0.8520388888888888","PAX6","12.333333333333334","0","3","0","0.876219512195122","false","0","PAX6","176","0.5666666666666667"
"2","1.2941095762683942E-7","3.8292682926829267","0.0","0.2611464968152866","0.0","1","DOWN","7","true",,"false","-0.6994504444444443","GATS","19.0","0","1","0","0.8585365853658538","false","0","GATS","0","0.0"
"1","8.173596410267318E-9","3.5546875","0.4303677066775219","0.2813186813186813","0.2222222222222222","9","UP","6","true","1","false","1.2380353333333334","LOXL2","8.444444444444445","0","9","0","0.9376905487804879","false","0","LOXL2","96652","0.1773049645390071"
"1","3.642819219111369E-9","6.25","0.0","0.16","0.0","1","UP","8","true",,"false","1.0000808888888888","SLC16A3","4.0","0","1","0","0.8719512195121951","false","0","SLC16A3","0","0.0"
"1","2.8636837807999576E-6","5.3046875","1.4160135846493698E-4","0.18851251840942562","0.6666666666666666","6","UP","10","true",,"false","0.6572415555555555","WDHD1","19.666666666666668","0","6","0","0.8950076219512195","false","0","WDHD1","22","0.427536231884058"
"1","4.475381487164934E-6","3.9765625","0.1512778311727858","0.25147347740667975","0.175","16","UP","7","true","1","false","0.7743264444444444","KIF26B","8.0","0","16","0","0.9274009146341463","false","0","KIF26B","36498","0.16888297872340424"
"1","2.0542826656678245E-7","4.640625","0.0011910751516851855","0.21548821548821548","0.46153846153846156","13","UP","9","true",,"false","1.312839777777778","TOP2A","26.53846153846154","0","13","0","0.911204268292683","false","0","TOP2A","286","0.5276923076923077"
"1","2.617385037307924E-9","4.4375","0.05273112448062182","0.22535211267605634","0.2727272727272727","22","UP","8","true",,"false","1.3723915555555557","ITGA11","9.863636363636363","0","22","0","0.9161585365853658","false","0","ITGA11","17850","0.1896853146853147"
"2","3.764662980795996E-7","2.6951219512195124","0.09225048759128446","0.3710407239819004","0.13333333333333333","6","DOWN","5","true",,"false","-1.1597006666666667","UNC79","9.666666666666666","0","6","0","0.9152439024390244","false","0","UNC79","7528","0.2956989247311828"
"5","9.90803657102475E-6","2.9411764705882355","0.0","0.33999999999999997","0.0","1","DOWN","5","true",,"false","-0.8379095555555556","PDE8B","5.0","0","1","0","0.8058823529411765","false","0","PDE8B","0","0.0"
"1","1.1088605271034173E-5","5.3359375","4.397916911505465E-5","0.18740849194729137","0.5","4","UP","10","true",,"false","0.6791986666666667","NDC80","25.0","0","4","0","0.8942454268292683","false","0","NDC80","8","0.5755813953488372"
"1","6.883195353309747E-6","4.5390625","0.00817788110784781","0.22030981067125646","0.4601449275362319","24","UP","9","true",,"false","0.8212440000000001","NUF2","23.5","0","24","0","0.9136814024390244","false","0","NUF2","3108","0.4351851851851852"
"1","3.501739533300249E-5","4.875","0.0","0.20512820512820512","0.0","1","UP","8","true",,"false","0.6308753333333333","C5orf46","22.0","0","1","0","0.9054878048780488","false","0","C5orf46","0","0.0"
"2","1.051540243435282E-4","2.682926829268293","0.09234855200626525","0.3727272727272727","0.3333333333333333","4","DOWN","4","true","1","false","-0.9491937777777777","ST8SIA3","12.5","0","4","0","0.9158536585365853","false","0","ST8SIA3","3206","0.4083333333333333"
"1","1.912664044442449E-8","5.03125","0.0","0.19875776397515527","0.0","1","UP","8","false",,"false","1.425842222222222","IGFL2","9.0","0","1","0","0.9016768292682927","false","0","IGFL2","0","0.0"
"1","6.42171132422041E-6","5.125","0.0018688143613521798","0.1951219512195122","0.638095238095238","21","UP","10","true",,"false","0.6741055555555555","KIF18A","26.428571428571427","0","21","0","0.899390243902439","false","0","KIF18A","332","0.4894179894179894"
"2","1.5444104620267545E-4","3.024390243902439","0.06557027681555372","0.33064516129032256","0.17777777777777778","10","DOWN","6","true",,"false","-0.8099524444444443","NEUROD1","7.4","0","10","0","0.8987804878048781","false","0","NEUROD1","2180","0.22580645161290322"
"2","8.587645229804447E-6","3.6951219512195124","0.0","0.2706270627062706","1.0","3","DOWN","7","true",,"false","-1.2487919999999997","HOMER2","14.666666666666666","0","3","0","0.8652439024390244","false","0","HOMER2","0","0.5866666666666667"
"1","2.7271528799732775E-7","4.3984375","0.0","0.22735346358792186","1.0","2","UP","6","true",,"false","0.9195153333333332","LDHA","7.5","0","2","0","0.9171112804878049","false","0","LDHA","0","0.625"
"1","2.4916059289329216E-6","4.5234375","0.01780933689724834","0.22107081174438686","0.39384615384615385","26","UP","9","true",,"false","0.674876","CHEK1","21.53846153846154","0","26","0","0.9140625","false","0","CHEK1","3950","0.39886039886039887"
"2","8.76036015243343E-6","3.1463414634146343","0.0110395943570563","0.3178294573643411","0.0","2","DOWN","5","false",,"false","-0.6377480000000001","C1orf168","8.0","0","2","0","0.8926829268292682","false","0","C1orf168","586","0.5"
"1","3.642819219111369E-9","4.0390625","0.08381892022536637","0.24758220502901354","0.16666666666666666","9","UP","7","true",,"false","1.4163264444444446","ADAMTS12","10.0","0","9","0","0.9258765243902439","false","0","ADAMTS12","18160","0.2196969696969697"
"2","0.0018052497758058912","2.9634146341463414","0.030252829251169493","0.3374485596707819","0.3484848484848485","12","DOWN","6","true",,"false","-1.2130362222222222","PKHD1","11.666666666666666","0","12","0","0.9018292682926828","false","0","PKHD1","2738","0.3153153153153153"
"1","3.073599343809872E-9","4.6875","0.019318608292905562","0.21333333333333335","0.25","9","UP","8","true",,"false","1.2121193333333335","RUNX2","9.666666666666666","0","9","0","0.9100609756097561","false","0","RUNX2","1992","0.28619528619528617"
"1","2.0563357131710649E-4","5.6796875","0.0","0.17606602475928473","0.0","1","UP","9","true",,"false","1.0717006666666666","ADAM12","9.0","0","1","0","0.8858612804878049","false","0","ADAM12","0","0.0"
"3","2.518211515742798E-5","1.9310344827586208","0.0058783271195492134","0.5178571428571428","0.3333333333333333","3","DOWN","3","false",,"false","-2.2031488888888884","RN7SL386P","15.0","0","3","0","0.9595202398800601","false","0","RN7SL386P","28","0.5432098765432098"
"2","0.0017728544378682572","4.158536585365853","0.0","0.2404692082111437","0.0","1","DOWN","7","true",,"false","-1.0574935555555556","FAM3B","14.0","0","1","0","0.8420731707317074","false","0","FAM3B","0","0.0"
"2","0.008202588919087171","3.9634146341463414","0.0","0.2523076923076923","1.0","2","DOWN","7","false",,"false","-0.7270917777777778","PCDP1","11.5","0","2","0","0.8518292682926829","false","0","PCDP1","0","0.71875"
"2","1.4218117410657715E-6","2.9390243902439024","0.003382242304812701","0.34024896265560167","0.4642857142857143","8","DOWN","6","true",,"false","-2.0610724444444446","NR5A2","14.5","0","8","0","0.9030487804878049","false","0","NR5A2","388","0.4027777777777778"
"2","6.258131835392998E-4","3.3658536585365852","0.021398129180632792","0.2971014492753623","0.19047619047619047","7","DOWN","7","true",,"false","-1.526788666666667","SLC4A4","11.571428571428571","0","7","0","0.8817073170731706","false","0","SLC4A4","1372","0.33613445378151263"
"2","4.4740227045113814E-8","2.7195121951219514","0.009844221963519117","0.3677130044843049","0.4","6","DOWN","6","true",,"false","-1.0101842222222224","KLKB1","11.666666666666666","0","6","0","0.9140243902439025","false","0","KLKB1","1234","0.3709677419354839"
"2","2.2566947720613334E-4","3.7195121951219514","0.005161316792391497","0.26885245901639343","0.5","4","DOWN","7","true",,"false","-1.6627797777777777","GATM","10.75","0","4","0","0.8640243902439024","false","0","GATM","382","0.4772727272727273"
"2","0.0015475477616726592","4.2926829268292686","1.5055706112616682E-4","0.23295454545454544","0.0","2","DOWN","8","true",,"false","-0.9437624444444446","ACSM3","5.5","0","2","0","0.8353658536585366","false","0","ACSM3","2","0.5625"
"2","6.763456749440899E-5","3.707317073170732","0.0010947196037079756","0.26973684210526316","0.16666666666666666","4","DOWN","6","true",,"false","-0.6458953333333333","SLC4A10","6.75","0","4","0","0.8646341463414634","false","0","SLC4A10","58","0.44642857142857145"
"2","3.754786708244025E-4","3.1219512195121952","0.03882284805638888","0.3203125","0.4166666666666667","9","DOWN","6","true",,"false","-0.8803577777777778","SCTR","11.11111111111111","0","9","0","0.8939024390243903","false","0","SCTR","1742","0.34375"
"4","4.829057872835002E-11","2.5","0.09178743961352658","0.4","0.4","5","UP","5","true",,"false","2.684101111111111","CTSE","4.8","0","5","0","0.8636363636363636","false","0","CTSE","82","0.38333333333333336"
"2","3.3805681634888074E-7","2.6219512195121952","0.09499290948146627","0.38139534883720927","0.34615384615384615","13","DOWN","6","true","1","false","-1.142453777777778","GPR98","10.692307692307692","0","13","0","0.9189024390243903","false","0","GPR98","5982","0.27218934911242604"
"2","0.015771862973320123","4.109756097560975","0.0","0.24332344213649854","0.0","1","DOWN","7","true",,"false","-0.6927564444444443","C14orf105","9.0","0","1","0","0.8445121951219512","false","0","C14orf105","0","0.0"
"3","4.577310223079181E-5","1.8620689655172413","0.012010125889436231","0.5370370370370371","0.1","5","DOWN","3","false",,"false","-2.625875333333333","CUZD1","15.0","0","5","0","0.9625187406296851","false","0","CUZD1","80","0.576"
"2","5.776521062351514E-7","2.8902439024390243","0.0024626643546652293","0.3459915611814346","0.6","5","DOWN","6","true",,"false","-1.1041791111111112","ESRRG","11.8","0","5","0","0.9054878048780488","false","0","ESRRG","190","0.45384615384615384"
"4","8.18289974037278E-7","3.4583333333333335","0.0","0.2891566265060241","0.0","1","UP","6","true",,"false","1.4042131111111111","CYP2C18","5.0","0","1","0","0.7765151515151515","false","0","CYP2C18","0","0.0"
"2","1.620948995132958E-6","4.329268292682927","0.05026646792517471","0.23098591549295774","0.0","5","DOWN","7","true",,"false","-1.322056888888889","SST","2.0","0","5","0","0.8335365853658537","false","0","SST","1556","0.3333333333333333"
"2","1.3174116315235402E-5","5.317073170731708","0.0","0.18807339449541283","0.0","1","DOWN","8","true",,"false","-1.0235299999999998","CHGA","5.0","0","1","0","0.7841463414634147","false","0","CHGA","0","0.0"
"1","3.077089073670734E-7","4.609375","9.696173632514716E-4","0.21694915254237288","0.5808823529411765","17","UP","9","true",,"false","1.024845777777778","KIF23","27.529411764705884","0","17","0","0.9119664634146342","false","0","KIF23","552","0.5294117647058824"
"2","1.0747822903281128E-6","2.841463414634146","0.07106504223960898","0.351931330472103","0.30994152046783624","19","DOWN","6","true",,"false","-1.535544888888889","C6","10.368421052631579","0","19","0","0.9079268292682927","false","0","C6","3976","0.27008310249307477"
"2","1.3991426280695875E-6","2.475609756097561","0.1282701226998093","0.4039408866995074","0.3014705882352941","17","DOWN","6","true","1","false","-1.3781815555555554","CTNND2","11.823529411764707","0","17","0","0.9262195121951219","false","0","CTNND2","7528","0.2627450980392157"
"3","7.059249349582917E-6","1.8620689655172413","0.005697736419096863","0.5370370370370371","0.16666666666666666","4","DOWN","2","true",,"false","-2.2352664444444446","CTRL","17.0","0","4","0","0.9625187406296851","false","0","CTRL","60","0.6111111111111112"
"2","3.916968413906671E-7","2.5609756097560976","0.07476329183138164","0.3904761904761905","0.4065934065934066","14","DOWN","5","true","1","false","-1.028323111111111","CHST9","12.0","0","14","0","0.921951219512195","false","0","CHST9","4596","0.2926829268292683"
"1","6.29075677124156E-7","3.9296875","0.2341286296145763","0.2544731610337972","0.47883597883597884","28","UP","8","true","1","false","0.7895893333333334","UBE2C","22.321428571428573","0","28","0","0.9285442073170732","false","0","UBE2C","52522","0.3916040100250627"
"1","5.090119246496787E-6","4.046875","0.1229509585084083","0.2471042471042471","0.375","16","UP","8","true",,"false","0.8968877777777777","NCAPG","23.5625","0","16","0","0.9256859756097561","false","0","NCAPG","32558","0.45072115384615385"
"1","7.07586144734668E-5","5.8125","0.0","0.17204301075268819","0.0","1","UP","8","true",,"false","0.8183044444444442","HILPDA","5.0","0","1","0","0.8826219512195121","false","0","HILPDA","0","0.0"
"3","7.315282600616884E-6","1.896551724137931","0.003231978778305159","0.5272727272727272","0.0","4","DOWN","3","true",,"false","-2.798222888888889","CTRC","20.0","0","4","0","0.9610194902548725","false","0","CTRC","74","0.7916666666666666"
"1","6.360521426088976E-9","4.03125","0.13107608759454686","0.24806201550387597","0.49019607843137253","18","UP","8","true",,"false","1.6620173333333332","ANLN","24.833333333333332","0","18","0","0.9260670731707317","false","0","ANLN","40060","0.45987654320987653"
"1","4.2983712457185206E-5","3.5703125","0.4979084645669291","0.2800875273522976","0.3333333333333333","3","DOWN","6","true","1","false","-0.7926840000000002","ADAMTSL3","4.666666666666667","0","3","0","0.9373094512195121","false","0","ADAMTSL3","123520","0.3939393939393939"
"1","1.9299539260097285E-7","3.6875","0.49609549306931716","0.2711864406779661","0.3333333333333333","4","DOWN","7","true","1","false","-0.9227760000000002","ACACB","16.25","0","4","0","0.9344512195121951","false","0","ACACB","123782","0.38095238095238093"
"1","9.321793412653398E-7","5.2421875","1.7003021729128162E-4","0.19076005961251863","0.7555555555555555","10","UP","10","true",,"false","0.9798862222222221","CENPK","26.1","0","10","0","0.8965320121951219","false","0","CENPK","28","0.522"
"4","2.794948994132921E-7","3.8333333333333335","0.0","0.2608695652173913","0.0","1","UP","7","false",,"false","0.9017439999999998","SGPP2","4.0","0","1","0","0.7424242424242423","false","0","SGPP2","0","0.0"
"2","8.686124289615678E-5","4.0","0.01713958186643966","0.25","0.0","3","DOWN","7","true",,"false","-0.7453548888888889","HEPACAM2","5.333333333333333","0","3","0","0.85","false","0","HEPACAM2","396","0.3939393939393939"
"3","2.638902543898818E-5","1.8275862068965518","0.008221651585554742","0.5471698113207547","0.0","5","DOWN","2","true",,"false","-2.1202508888888887","CTRB2","17.8","0","5","0","0.9640179910044978","false","0","CTRB2","156","0.7"
"1","1.1990628415189652E-4","4.96875","0.0","0.20125786163522014","0.0","1","UP","8","true",,"false","0.9747153333333338","SPARC","16.0","0","1","0","0.9032012195121951","false","0","SPARC","0","0.0"
"1","9.44032091186271E-8","4.703125","1.219378091718369E-4","0.21262458471760798","0.6785714285714286","8","UP","9","true",,"false","1.1532835555555556","MELK","29.0","0","8","0","0.9096798780487805","false","0","MELK","30","0.5918367346938775"
"4","2.8333418900091685E-9","2.875","0.09057971014492754","0.34782608695652173","0.3333333333333333","4","UP","6","true",,"false","1.1258644444444443","RHBDL2","3.5","0","4","0","0.8295454545454546","false","0","RHBDL2","98","0.4642857142857143"
"1","1.323047596794066E-5","4.8046875","3.131444506936633E-4","0.208130081300813","0.3333333333333333","3","UP","8","true",,"false","0.7008333333333334","PTK7","11.666666666666666","0","3","0","0.907202743902439","false","0","PTK7","34","0.4533333333333333"
"4","3.337228700692875E-7","2.9583333333333335","0.08333333333333333","0.3380281690140845","0.3333333333333333","3","UP","6","true",,"false","0.6842595555555555","KLF5","3.3333333333333335","0","3","0","0.8219696969696969","false","0","KLF5","50","0.5"
"3","1.7307173880183314E-4","1.896551724137931","0.003231978778305159","0.5272727272727272","0.0","4","DOWN","3","true",,"false","-1.5307853333333337","PRSS3P2","20.0","0","4","0","0.9610194902548725","false","0","PRSS3P2","74","0.7916666666666666"
"4","5.8697398512819955E-9","2.1666666666666665","0.31400966183574874","0.46153846153846156","0.4","5","UP","5","true","1","false","0.9185544444444446","KCNK1","5.2","0","5","0","0.893939393939394","false","0","KCNK1","216","0.28888888888888886"
"1","2.5321098311645876E-5","5.453125","0.0","0.1833810888252149","0.0","1","DOWN","10","true",,"false","-0.58822","CGNL1","32.0","0","1","0","0.8913871951219512","false","0","CGNL1","0","0.0"
"6","2.4358244097407723E-9","2.4285714285714284","0.0021978021978021982","0.411764705882353","0.0","2","UP","4","true",,"false","1.130268","OAS1","5.5","0","2","0","0.8571428571428571","false","0","OAS1","2","0.9"
"4","5.7867973668888005E-11","2.875","0.09057971014492754","0.34782608695652173","0.3333333333333333","4","UP","6","false",,"false","1.128362","ABHD17C","3.25","0","4","0","0.8295454545454546","false","0","ABHD17C","58","0.42857142857142855"
"1","1.2689039782294253E-4","4.609375","0.005014662878845766","0.21694915254237288","0.3333333333333333","15","UP","9","true",,"false","0.7148673333333333","TYMS","19.333333333333332","0","15","0","0.9119664634146342","false","0","TYMS","1484","0.3635220125786163"
"3","8.462372247929509E-6","1.8275862068965518","0.008221651585554742","0.5471698113207547","0.0","5","DOWN","2","true",,"false","-3.0266571111111116","PNLIPRP1","17.8","0","5","0","0.9640179910044978","false","0","PNLIPRP1","156","0.7"
"2","0.002176209788868169","3.9390243902439024","1.9572417946401687E-4","0.25386996904024767","0.0","2","DOWN","7","true",,"false","-1.5423422222222225","TTR","9.0","0","2","0","0.853048780487805","false","0","TTR","8","0.6666666666666666"
"1","5.997486511371043E-7","5.6796875","0.0","0.17606602475928473","0.0","1","UP","9","false",,"false","0.6037473333333333","SLC24A3","7.0","0","1","0","0.8858612804878049","false","0","SLC24A3","0","0.0"
"3","1.2533864211943915E-5","1.896551724137931","0.003231978778305159","0.5272727272727272","0.0","4","DOWN","3","true",,"false","-2.310065555555556","PLA2G1B","20.0","0","4","0","0.9610194902548725","false","0","PLA2G1B","74","0.7916666666666666"
"2","3.571255535163739E-5","3.5853658536585367","0.016849669234462076","0.2789115646258503","0.0","4","DOWN","6","true",,"false","-0.5864257777777778","STXBP5L","7.75","0","4","0","0.8707317073170732","false","0","STXBP5L","470","0.45"
"1","3.008298676029131E-6","5.1875","3.708560552572409E-4","0.1927710843373494","0.7032967032967034","14","UP","10","true",,"false","0.7367451111111112","STIL","26.928571428571427","0","14","0","0.8978658536585366","false","0","STIL","106","0.5080862533692723"
"1","5.606233505669593E-9","4.5859375","0.01827150619869972","0.21805792163543442","0.3787878787878788","12","UP","8","true",,"false","1.0137033333333334","NTM","11.916666666666666","0","12","0","0.9125381097560976","false","0","NTM","6110","0.2751937984496124"
"2","2.3759920010807073E-6","2.548780487804878","0.27242812623421836","0.3923444976076555","0.11578947368421053","20","DOWN","5","true","1","false","-1.7441982222222223","SCGN","5.75","0","20","0","0.9225609756097561","false","0","SCGN","10216","0.14605263157894738"
"1","7.485124423896482E-7","4.5234375","0.00424239259923292","0.22107081174438686","0.5633333333333334","25","UP","9","true",,"false","0.8912506666666664","SHCBP1","25.04","0","25","0","0.9140625","false","0","SHCBP1","2710","0.4552727272727273"
"2","6.176236970750107E-5","3.841463414634146","0.0","0.26031746031746034","0.0","1","DOWN","7","true",,"false","-1.0052446666666666","SLC1A2","18.0","0","1","0","0.8579268292682928","false","0","SLC1A2","0","0.0"
"1","8.871505721769908E-7","4.53125","0.03297420006822659","0.2206896551724138","0.3956043956043956","14","UP","8","true",,"false","1.1398482222222222","MXRA5","12.5","0","14","0","0.9138719512195121","false","0","MXRA5","5136","0.2686335403726708"
"2","4.7790707593180116E-5","3.573170731707317","0.010170726772078243","0.27986348122866894","0.0","8","DOWN","6","true",,"false","-0.9659517777777776","SCG5","5.25","0","8","0","0.8713414634146341","false","0","SCG5","296","0.2361111111111111"
"1","4.563506507740684E-9","4.59375","0.015459160346658894","0.21768707482993196","0.5","13","UP","8","true",,"false","0.8617584444444446","HSD17B6","12.76923076923077","0","13","0","0.9123475609756098","false","0","HSD17B6","2444","0.30956848030018763"
"1","3.671241944432E-8","4.6328125","0.0078060602662777595","0.21585160202360876","0.475","16","UP","9","true",,"false","1.3075462222222223","CENPF","25.0625","0","16","0","0.9113948170731707","false","0","CENPF","1542","0.5102040816326531"
"2","2.471258890441091E-7","3.1707317073170733","0.005373013294918368","0.3153846153846154","0.42857142857142855","7","DOWN","6","true",,"false","-1.3241064444444446","PCSK1","10.142857142857142","0","7","0","0.8914634146341462","false","0","PCSK1","254","0.30735930735930733"
"1","6.337567468365107E-8","4.59375","0.0010284983308774629","0.21768707482993196","0.7166666666666667","16","UP","9","true",,"false","0.7148102222222221","RACGAP1","29.375","0","16","0","0.9123475609756098","false","0","RACGAP1","880","0.5340909090909091"
"1","1.1894002362937957E-6","5.2734375","0.02288742226022543","0.18962962962962962","0.35555555555555557","10","UP","9","true",,"false","1.0579795555555556","ETV1","9.3","0","10","0","0.8957698170731707","false","0","ETV1","10360","0.27058823529411763"
"2","1.4484880407224907E-4","3.5121951219512195","0.00959899929007268","0.2847222222222222","0.1111111111111111","9","DOWN","6","false",,"false","-0.637064","LINC00643","6.222222222222222","0","9","0","0.874390243902439","false","0","LINC00643","402","0.2982456140350877"
"1","1.462361448422411E-6","4.625","0.0020905148001040684","0.21621621621621623","0.6285714285714286","15","UP","9","true",,"false","0.7165557777777777","PRR11","25.666666666666668","0","15","0","0.9115853658536586","false","0","PRR11","924","0.4935897435897436"
"1","1.3255674392262854E-9","3.8828125","0.2612742294109377","0.2575452716297787","0.29004329004329005","22","UP","7","true","1","false","2.1946748888888896","COL11A1","10.227272727272727","0","22","0","0.9296875","false","0","COL11A1","52916","0.1958041958041958"
"2","0.0023950669511893694","3.292682926829268","0.0011346250897279943","0.3037037037037037","0.5","4","DOWN","6","true",,"false","-0.9732322222222223","CHGB","11.5","0","4","0","0.8853658536585366","false","0","CHGB","114","0.39655172413793105"
"1","1.6861981870256434E-7","4.6171875","5.733214731698233E-4","0.21658206429780033","0.5904761904761905","15","UP","9","true",,"false","1.1088968888888888","TPX2","27.8","0","15","0","0.9117759146341463","false","0","TPX2","116","0.5245283018867924"
"1","9.284517760425144E-10","4.5","0.044266182154224634","0.2222222222222222","0.3","21","UP","8","true",,"false","1.5692448888888888","COL10A1","10.0","0","21","0","0.9146341463414634","false","0","COL10A1","9650","0.22116402116402117"
"2","7.724844332705899E-4","4.012195121951219","0.0","0.24924012158054715","0.0","1","DOWN","7","false",,"false","-0.6751838888888889","CFC1B","10.0","0","1","0","0.849390243902439","false","0","CFC1B","0","0.0"
"2","2.7322847151739455E-4","3.207317073170732","0.012168384782194001","0.311787072243346","0.2","11","DOWN","6","true",,"false","-0.6474795555555556","BMP5","7.0","0","11","0","0.8896341463414634","false","0","BMP5","604","0.2413793103448276"
"1","1.8740779581059117E-8","4.6875","0.01937445608267505","0.21333333333333335","0.5238095238095238","7","UP","8","true",,"false","1.590433777777778","ANTXR1","13.285714285714286","0","7","0","0.9100609756097561","false","0","ANTXR1","3232","0.3552123552123552"
"1","6.381614487794128E-6","4.6171875","0.0013745018455882598","0.21658206429780033","0.32967032967032966","14","UP","9","true",,"false","0.6018504444444444","MCM4","20.5","0","14","0","0.9117759146341463","false","0","MCM4","600","0.37962962962962965"
"2","1.0996248655788643E-4","3.3292682926829267","0.012214938554756966","0.30036630036630035","0.10714285714285714","8","DOWN","6","true",,"false","-0.9151411111111112","ABCC8","8.125","0","8","0","0.8835365853658537","false","0","ABCC8","584","0.33152173913043476"
"1","1.6123630464754638E-7","4.5703125","0.009799351324289406","0.2188034188034188","0.5730994152046783","19","UP","9","true",,"false","0.8314620000000001","UBE2T","23.63157894736842","0","19","0","0.9129192073170732","false","0","UBE2T","5038","0.4296650717703349"
"5","8.799251635990576E-9","1.7058823529411764","0.08009521116138764","0.5862068965517242","0.38095238095238093","7","DOWN","3","true","1","false","-0.7213986666666664","SETBP1","6.285714285714286","0","7","0","0.9294117647058824","false","0","SETBP1","94","0.41904761904761906"
"5","1.6092726257221172E-5","1.8235294117647058","0.04037990196078431","0.5483870967741935","0.5","5","DOWN","3","true",,"false","-0.8016246666666667","SEPP1","6.6","0","5","0","0.9176470588235294","false","0","SEPP1","34","0.44"
"1","2.820733277866588E-7","4.5546875","0.00697236885887769","0.2195540308747856","0.5095238095238095","21","UP","9","true",,"false","0.6414566666666667","TRIP13","22.238095238095237","0","21","0","0.9133003048780488","false","0","TRIP13","3880","0.4043290043290043"
"1","2.0311443428596944E-5","5.1484375","0.001688322104018302","0.19423368740515934","0.6081871345029239","19","UP","10","true",,"false","0.6952464444444444","KIF11","24.736842105263158","0","19","0","0.8988185975609756","false","0","KIF11","256","0.4667328699106256"
"4","4.6392127485085977E-11","3.8333333333333335","0.0","0.2608695652173913","0.0","1","UP","7","true",,"false","1.4664628888888886","NQO1","4.0","0","1","0","0.7424242424242423","false","0","NQO1","0","0.0"
"3","3.0915190262303287E-6","1.8620689655172413","0.00634920634920635","0.5370370370370371","0.3","5","DOWN","3","true",,"false","-1.265964888888889","GRB14","14.8","0","5","0","0.9625187406296851","false","0","GRB14","20","0.5285714285714286"
"5","1.834537354369366E-4","2.3529411764705883","0.003935708898944193","0.425","0.0","2","DOWN","4","true",,"false","-0.8371957777777776","OGN","6.0","0","2","0","0.8647058823529411","false","0","OGN","6","0.625"
"3","5.459989133956213E-5","2.0344827586206895","5.336617405582923E-4","0.4915254237288136","0.0","3","DOWN","4","false",,"false","-1.842293111111111","CPB1","21.0","0","3","0","0.9550224887556221","false","0","CPB1","10","0.8695652173913043"
"1","8.055423555875446E-7","4.515625","0.004665317968398817","0.22145328719723184","0.5299145299145299","27","UP","9","true",,"false","0.6238691111111112","RAD51AP1","23.444444444444443","0","27","0","0.9142530487804879","false","0","RAD51AP1","3604","0.43415637860082307"
"1","1.406436178051829E-6","5.125","8.306122974656645E-4","0.1951219512195122","0.680952380952381","21","UP","10","true",,"false","0.7272415555555556","FANCI","27.714285714285715","0","21","0","0.899390243902439","false","0","FANCI","190","0.5132275132275133"
"1","6.416480703975819E-7","4.4921875","0.006474991077465328","0.22260869565217392","0.5049261083743842","29","UP","9","true",,"false","0.8128402222222224","PRC1","23.482758620689655","0","29","0","0.9148246951219512","false","0","PRC1","4200","0.4269592476489028"
"5","8.278453336981796E-8","2.1176470588235294","0.07903469079939669","0.4722222222222222","0.16666666666666666","4","DOWN","4","false",,"false","-1.1579211111111112","ANGPTL1","5.75","0","4","0","0.8882352941176471","false","0","ANGPTL1","116","0.525"
"1","1.0289582397622292E-8","6.265625","0.0","0.1596009975062344","0.0","1","UP","10","true",,"false","1.0548757777777777","SGIP1","10.0","0","1","0","0.8715701219512195","false","0","SGIP1","0","0.0"
"1","1.1408391348012157E-6","5.3984375","0.0","0.18523878437047755","1.0","2","UP","10","true",,"false","0.7059968888888888","FANCD2","29.5","0","2","0","0.8927210365853658","false","0","FANCD2","0","0.7564102564102564"
"1","1.075182490772331E-7","4.4609375","0.023343570584694818","0.22416812609457093","0.48588709677419356","32","UP","9","true",,"false","0.8693904444444444","NEK2","22.625","0","32","0","0.9155868902439024","false","0","NEK2","7086","0.4107954545454545"
"2","2.3048791939475128E-7","3.597560975609756","0.0","0.27796610169491526","1.0","2","DOWN","7","true",,"false","-1.0356757777777776","KIF1A","8.0","0","2","0","0.8701219512195122","false","0","KIF1A","0","0.6153846153846154"
"1","1.8790966575522716E-6","4.4140625","0.02134654153089978","0.22654867256637168","0.4438122332859175","38","UP","9","true",,"false","0.6649362222222223","KIF4A","21.657894736842106","0","38","0","0.9167301829268293","false","0","KIF4A","10680","0.3867481203007519"
"3","1.0710466342555981E-5","1.8275862068965518","0.008221651585554742","0.5471698113207547","0.0","5","DOWN","2","true",,"false","-2.650233777777778","CPA2","17.8","0","5","0","0.9640179910044978","false","0","CPA2","156","0.7"
"5","0.0017570603394322089","2.0","0.1256127450980392","0.5","0.3","5","DOWN","4","false",,"false","-0.8200955555555554","SCN7A","5.2","0","5","0","0.9","false","0","SCN7A","92","0.4166666666666667"
"1","1.7756150164403735E-6","4.390625","0.020326046682262764","0.2277580071174377","0.4317073170731707","41","UP","9","true",,"false","0.7365871111111113","KIF14","21.097560975609756","0","41","0","0.9173018292682927","false","0","KIF14","11870","0.37674216027874563"
"1","3.5592698596694272E-9","5.1953125","2.3303086223387516E-4","0.1924812030075188","0.7435897435897436","13","UP","10","true",,"false","1.3293737777777777","ECT2","28.615384615384617","0","13","0","0.8976753048780488","false","0","ECT2","50","0.5399129172714079"
"5","3.671241944432E-8","2.1176470588235294","0.010049019607843138","0.4722222222222222","0.5","4","DOWN","4","true",,"false","-0.6526424444444444","KAT2B","6.0","0","4","0","0.8882352941176471","false","0","KAT2B","8","0.5"
"1","1.0848951756522998E-5","4.6328125","8.675800100176614E-4","0.21585160202360876","0.5769230769230769","13","UP","9","true",,"false","0.6783","KIAA1524","24.923076923076923","0","13","0","0.9113948170731707","false","0","KIAA1524","516","0.4702467343976778"
"5","1.4541706624097793E-4","1.4705882352941178","0.23432315233785825","0.6799999999999999","0.35555555555555557","10","DOWN","3","true","1","false","-1.4541744444444444","C7","5.6","0","10","0","0.9529411764705882","false","0","C7","216","0.35"
"3","5.716014791168094E-5","1.896551724137931","0.003231978778305159","0.5272727272727272","0.0","4","DOWN","3","true",,"false","-2.0943071111111116","CPA1","20.0","0","4","0","0.9610194902548725","false","0","CPA1","74","0.7916666666666666"
"3","2.3519332482243742E-5","1.896551724137931","0.003231978778305159","0.5272727272727272","0.0","4","DOWN","3","true",,"false","-2.793808","GP2","20.0","0","4","0","0.9610194902548725","false","0","GP2","74","0.7916666666666666"
"1","7.243364379227403E-6","4.609375","0.0041110789042015285","0.21694915254237288","0.5833333333333334","16","UP","9","true",,"false","0.6268377777777777","FOXM1","22.5","0","16","0","0.9119664634146342","false","0","FOXM1","1794","0.42452830188679247"
"1","9.321793412653398E-7","5.15625","5.129131902605118E-4","0.19393939393939394","0.7192982456140351","19","UP","10","true",,"false","0.8758622222222221","CEP55","27.157894736842106","0","19","0","0.8986280487804879","false","0","CEP55","120","0.5222672064777328"
"2","0.0044626963752926255","3.451219512195122","0.0","0.28975265017667845","1.0","2","DOWN","6","false",,"false","-0.7876713333333334","RN7SL826P","13.5","0","2","0","0.8774390243902438","false","0","RN7SL826P","0","0.5869565217391305"
"3","3.0736232918388955E-6","2.103448275862069","1.2315270935960593E-4","0.4754098360655738","0.0","2","DOWN","4","true",,"false","-2.5885804444444442","ERP27","22.0","0","2","0","0.9520239880059971","false","0","ERP27","2","0.9130434782608695"
"5","5.747813505243386E-5","1.588235294117647","0.23838141025641021","0.6296296296296297","0.2777777777777778","9","DOWN","3","true","1","false","-0.8406804444444446","ASPA","5.111111111111111","0","9","0","0.9411764705882353","false","0","ASPA","232","0.34074074074074073"
"2","0.015202168069637036","5.317073170731708","0.0","0.18807339449541283","0.0","1","DOWN","8","true",,"false","-1.13885","GCG","5.0","0","1","0","0.7841463414634147","false","0","GCG","0","0.0"
"1","1.0383553689073086E-5","4.3984375","0.022016947170504633","0.22735346358792186","0.4512820512820513","40","UP","9","true",,"false","0.6071813333333332","EXO1","21.5","0","40","0","0.9171112804878049","false","0","EXO1","12988","0.38392857142857145"
"1","9.02027816604233E-6","5.0703125","0.0022719380727248663","0.19722650231124808","0.5978835978835979","28","UP","10","true",,"false","0.8161700000000001","CDK1","24.321428571428573","0","28","0","0.9007240853658537","false","0","CDK1","390","0.4503968253968254"
"1","1.2783945200324667E-6","4.453125","0.017967108949471983","0.22456140350877193","0.49019607843137253","34","UP","9","true",,"false","0.6927617777777778","DTL","22.11764705882353","0","34","0","0.9157774390243902","false","0","DTL","4924","0.409041394335512"
"2","1.2510855355629864E-4","3.524390243902439","0.03174475934528375","0.2837370242214533","0.0","3","DOWN","6","true",,"false","-1.3557504444444446","SLC30A8","5.666666666666667","0","3","0","0.873780487804878","false","0","SLC30A8","1112","0.42424242424242425"
"5","2.7452647308003234E-5","1.7647058823529411","0.1070889894419306","0.5666666666666667","0.2","6","DOWN","3","false",,"false","-1.104388","ABCA8","5.5","0","6","0","0.9235294117647058","false","0","ABCA8","122","0.3974358974358974"
"5","1.2487641303710944E-5","1.7647058823529411","0.055392156862745096","0.5666666666666667","0.4","5","DOWN","3","true",,"false","-0.8951895555555556","ABCA10","6.8","0","5","0","0.9235294117647058","false","0","ABCA10","66","0.425"
"1","8.170701920599516E-8","4.5703125","0.0027012446784912335","0.2188034188034188","0.6081871345029239","19","UP","9","true",,"false","0.9611026666666665","CENPI","25.473684210526315","0","19","0","0.9129192073170732","false","0","CENPI","2158","0.4631578947368421"
"1","3.2210073132332323E-7","4.5078125","0.008217085019332238","0.2218370883882149","0.5555555555555556","27","UP","9","true",,"false","0.9927524444444444","CCNB1","24.25925925925926","0","27","0","0.9144435975609756","false","0","CCNB1","5110","0.44107744107744107"
"1","6.484259881248881E-6","5.25","2.771734045977079E-4","0.19047619047619047","0.6388888888888888","9","UP","10","true",,"false","0.7747435555555555","CASC5","26.666666666666668","0","9","0","0.8963414634146342","false","0","CASC5","36","0.5333333333333333"
"1","9.895506307554699E-6","4.515625","0.007183191787436832","0.22145328719723184","0.5213675213675214","27","UP","9","true",,"false","0.7053688888888888","CCNA2","23.333333333333332","0","27","0","0.9142530487804879","false","0","CCNA2","5138","0.43209876543209874"
"1","1.3450641852797779E-5","4.53125","0.00486702620375993","0.2206896551724138","0.5733333333333334","25","UP","9","true",,"false","0.6530971111111111","BUB1B","24.12","0","25","0","0.9138719512195121","false","0","BUB1B","2688","0.44666666666666666"
"1","4.907918917321906E-5","4.8046875","1.1431676509186352E-4","0.208130081300813","0.6666666666666666","3","UP","8","true",,"false","1.2233471111111114","COL6A3","12.333333333333334","0","3","0","0.907202743902439","false","0","COL6A3","10","0.4567901234567901"
"1","3.849220007569097E-9","4.75","0.001712934719034596","0.21052631578947367","0.23809523809523808","7","UP","9","true",,"false","1.2634424444444443","ARNTL2","17.714285714285715","0","7","0","0.9085365853658537","false","0","ARNTL2","832","0.39935064935064934"
"1","4.3871351237487277E-7","4.6171875","0.003277768845548904","0.21658206429780033","0.6323529411764706","17","UP","9","true",,"false","1.1643182222222224","MKI67","26.235294117647058","0","17","0","0.9117759146341463","false","0","MKI67","2454","0.5144175317185697"
"3","9.971014241887019E-6","1.9655172413793103","0.003799945265462507","0.5087719298245614","0.0","4","DOWN","4","true",,"false","-2.4767375555555557","SERPINI2","18.0","0","4","0","0.9580209895052474","false","0","SERPINI2","68","0.7391304347826086"
"1","5.716084590268505E-7","4.609375","0.0016518952910284258","0.21694915254237288","0.5416666666666666","16","UP","9","true",,"false","1.112734888888889","DLGAP5","26.875","0","16","0","0.9119664634146342","false","0","DLGAP5","966","0.5070754716981132"
"5","1.108345448541215E-8","2.9411764705882355","0.003676470588235294","0.33999999999999997","0.0","2","DOWN","5","true",,"false","-1.345264222222222","LIFR","3.5","0","2","0","0.8058823529411765","false","0","LIFR","6","0.8333333333333334"
"6","1.0881220654063944E-5","1.3571428571428572","0.23335949764521194","0.7368421052631579","0.3611111111111111","9","UP","2","true","1","false","0.8023553333333331","IFI6","4.777777777777778","0","9","0","0.9642857142857142","false","0","IFI6","94","0.3412698412698413"
"6","4.427686983345412E-7","1.9285714285714286","0.07953950811093669","0.5185185185185185","0.3333333333333333","3","UP","3","true",,"false","0.930358888888889","EPSTI1","7.0","0","3","0","0.9071428571428571","false","0","EPSTI1","40","0.6060606060606061"
"1","1.9905129657309926E-6","4.4609375","0.019131408076330465","0.22416812609457093","0.4678030303030303","33","UP","9","true",,"false","0.8619806666666668","BUB1","22.515151515151516","0","33","0","0.9155868902439024","false","0","BUB1","5130","0.409366391184573"
"1","1.3277613068014959E-5","4.7109375","2.184817665813877E-4","0.21227197346600332","0.3333333333333333","6","UP","9","true",,"false","0.7337595555555555","BRIP1","22.833333333333332","0","6","0","0.9094893292682927","false","0","BRIP1","48","0.46875"
"2","1.1044173248550532E-4","3.048780487804878","0.012172347049498856","0.328","0.16666666666666666","4","DOWN","5","true",,"false","-0.6022723333333333","UNC80","11.5","0","4","0","0.8975609756097562","false","0","UNC80","1314","0.4230769230769231"
"1","3.724177253480248E-6","4.234375","0.016411375273511074","0.23616236162361623","0.0","3","UP","7","true",,"false","0.8314984444444443","COL5A1","10.333333333333334","0","3","0","0.9211128048780488","false","0","COL5A1","6202","0.37333333333333335"
"3","4.461667374712265E-6","1.5862068965517242","0.16495621237000546","0.6304347826086957","0.014705882352941176","17","DOWN","3","true","1","false","-1.449365333333333","GSTA2","4.235294117647059","0","17","0","0.974512743628186","false","0","GSTA2","826","0.3411764705882353"
"3","1.9908201183419536E-4","2.5517241379310347","0.0","0.3918918918918919","0.0","1","DOWN","4","true",,"false","-1.233801222222222","AMY2A","17.0","0","1","0","0.9325337331334332","false","0","AMY2A","0","0.0"
"1","6.069622646474312E-5","5.5234375","0.0","0.18104667609618105","0.0","1","UP","9","true",,"false","0.7186226666666666","PDPN","14.0","0","1","0","0.889672256097561","false","0","PDPN","0","0.0"
"2","5.316160154916692E-6","3.5853658536585367","0.0020557013330274394","0.2789115646258503","0.26666666666666666","6","DOWN","6","true",,"false","-1.2012935555555557","SCG3","7.0","0","6","0","0.8707317073170732","false","0","SCG3","52","0.3106060606060606"
"2","0.0020087954403100144","2.9390243902439024","0.006956076098980859","0.34024896265560167","0.4358974358974359","13","DOWN","6","true",,"false","-1.0734759999999999","SLC3A1","12.307692307692308","0","13","0","0.9030487804878049","false","0","SLC3A1","400","0.32388663967611336"
"1","2.3887775614358166E-7","5.4765625","2.8800110923634547E-4","0.1825962910128388","0.0","2","UP","9","true",,"false","0.9922086666666666","PALLD","8.5","0","2","0","0.8908155487804879","false","0","PALLD","20","0.5357142857142857"
"1","5.0472530398370055E-5","4.75","1.32658311177012E-4","0.21052631578947367","0.6666666666666666","3","UP","8","true",,"false","1.3701904444444444","COL3A1","16.0","0","3","0","0.9085365853658537","false","0","COL3A1","14","0.48484848484848486"
"2","2.223917107836179E-4","3.451219512195122","0.0015820752820868613","0.28975265017667845","0.16666666666666666","4","DOWN","6","false",,"false","-0.9506513333333332","PCSK2","12.0","0","4","0","0.8774390243902438","false","0","PCSK2","192","0.5227272727272727"
"2","4.35329747394436E-4","3.3048780487804876","0.03551288937720073","0.3025830258302583","0.19047619047619047","7","DOWN","6","false",,"false","-0.6792197777777779","ST18","7.285714285714286","0","7","0","0.8847560975609756","false","0","ST18","992","0.2742857142857143"
"2","4.062960236920054E-4","3.451219512195122","0.002360979071183324","0.28975265017667845","0.16666666666666666","4","DOWN","6","true",,"false","-0.8286082222222221","NOL4","11.0","0","4","0","0.8774390243902438","false","0","NOL4","206","0.4772727272727273"
"2","6.579927764589628E-5","2.8536585365853657","0.05655420501294501","0.35042735042735046","0.3137254901960784","18","DOWN","6","true",,"false","-1.4346631111111112","SLC17A4","10.38888888888889","0","18","0","0.9073170731707318","false","0","SLC17A4","3382","0.26495726495726496"
"1","4.905346836699491E-7","5.2578125","0.018280429790026233","0.1901931649331352","0.3333333333333333","4","UP","7","true",,"false","0.9566706666666666","PFKP","4.5","0","4","0","0.8961509146341463","false","0","PFKP","2240","0.425"
"1","1.0464945437980593E-5","5.40625","1.1356753482737735E-5","0.18497109826589594","0.0","2","UP","10","true",,"false","0.7785173333333334","GPSM2","25.0","0","2","0","0.8925304878048781","false","0","GPSM2","4","0.6666666666666666"
"2","4.361048141482635E-4","3.6707317073170733","2.435805687838208E-4","0.2724252491694352","0.6666666666666666","3","DOWN","6","true",,"false","-0.7625071111111111","RFX6","9.666666666666666","0","3","0","0.8664634146341463","false","0","RFX6","28","0.5087719298245614"
"2","3.822903014723115E-4","3.402439024390244","0.0012261765050076354","0.2939068100358423","0.5","4","DOWN","6","true",,"false","-0.638216888888889","MTMR7","11.0","0","4","0","0.8798780487804878","false","0","MTMR7","96","0.4673913043478261"
"1","1.162258353541071E-5","4.71875","1.8664885515667733E-4","0.2119205298013245","0.6666666666666666","3","UP","8","true",,"false","1.4878544444444441","COL1A2","16.666666666666668","0","3","0","0.9092987804878049","false","0","COL1A2","38","0.47619047619047616"
"2","8.508210780360908E-5","3.1707317073170733","0.04318854664821979","0.3153846153846154","0.3516483516483517","14","DOWN","6","true",,"false","-0.7286513333333333","RAP1GAP","10.214285714285714","0","14","0","0.8914634146341462","false","0","RAP1GAP","2218","0.29831932773109243"
"2","1.75329388269039E-5","3.5121951219512195","0.0","0.2847222222222222","1.0","2","DOWN","6","true",,"false","-0.7432017777777777","HMGCLL1","15.5","0","2","0","0.874390243902439","false","0","HMGCLL1","0","0.7380952380952381"
"2","3.5057511167765464E-4","2.6219512195121952","0.06399527047166378","0.38139534883720927","0.36764705882352944","17","DOWN","5","true","1","false","-1.1098868888888889","ONECUT1","12.0","0","17","0","0.9189024390243903","false","0","ONECUT1","2854","0.2727272727272727"
"1","6.632426144438285E-8","4.859375","0.0","0.2057877813504823","1.0","2","UP","7","true",,"false","1.3526864444444446","HK2","7.5","0","2","0","0.9058689024390244","false","0","HK2","0","0.75"
"1","1.2895967377341287E-5","4.890625","0.0","0.20447284345047922","1.0","2","UP","8","true",,"false","1.5020928888888887","COL1A1","13.0","0","2","0","0.9051067073170732","false","0","COL1A1","0","0.65"
"2","3.115946614342142E-5","2.6707317073170733","0.04890210181500722","0.3744292237442922","0.27472527472527475","14","DOWN","5","false","1","false","-1.5883822222222221","KCNJ16","11.357142857142858","0","14","0","0.9164634146341463","false","0","KCNJ16","2532","0.2770034843205575"
"6","2.4147344928674703E-6","2.642857142857143","0.0","0.3783783783783784","0.0","1","UP","4","true",,"false","0.8149493333333334","MX2","5.0","0","1","0","0.8357142857142857","false","0","MX2","0","0.0"
"2","1.2783924385334597E-4","3.2804878048780486","0.010318191773013475","0.3048327137546469","0.2857142857142857","8","DOWN","6","true",,"false","-0.836574","GAD2","8.875","0","8","0","0.8859756097560976","false","0","GAD2","446","0.3017241379310345"
"4","0.0013824871685972362","2.75","0.0","0.36363636363636365","0.0","1","UP","5","true",,"false","0.7362048888888888","ELF3","11.0","0","1","0","0.8409090909090909","false","0","ELF3","0","0.0"
"1","2.6016915972675454E-6","5.421875","0.0","0.1844380403458213","1.0","2","UP","9","true",,"false","0.7513926666666665","WNT2","15.0","0","2","0","0.8921493902439024","false","0","WNT2","0","0.6818181818181818"
"2","1.8984641694264183E-6","2.6951219512195124","0.03953575729370662","0.3710407239819004","0.31666666666666665","16","DOWN","6","true",,"false","-2.006714","F11","12.4375","0","16","0","0.9152439024390244","false","0","F11","3520","0.2763888888888889"
"2","9.839537717354535E-5","2.7439024390243905","0.11744296718887522","0.3644444444444444","0.1","5","DOWN","5","true",,"false","-1.307063111111111","GC","7.8","0","5","0","0.9128048780487805","false","0","GC","3648","0.2482758620689655"
"1","1.474264788280057E-10","4.3203125","0.0502232736268428","0.2314647377938517","0.42857142857142855","7","UP","6","true",,"false","1.8381028888888888","SLC2A1","5.428571428571429","0","7","0","0.919016768292683","false","0","SLC2A1","7138","0.31932773109243695"
"2","1.6124347877280143E-6","3.6219512195121952","0.023331228195384038","0.27609427609427606","0.0","2","DOWN","6","false",,"false","-1.4543064444444447","G6PC2","5.0","0","2","0","0.8689024390243902","false","0","G6PC2","838","0.5714285714285714"
"1","1.5268353777470672E-7","5.34375","0.0","0.1871345029239766","1.0","3","UP","9","false",,"false","0.7837400000000002","TNFSF4","17.333333333333332","0","3","0","0.8940548780487805","false","0","TNFSF4","0","0.5777777777777777"
"1","4.642520115472645E-7","5.765625","0.0","0.17344173441734417","1.0","2","DOWN","8","true",,"false","-0.9820913333333334","PDCD4","6.0","0","2","0","0.883765243902439","false","0","PDCD4","0","0.6666666666666666"
"2","1.0576378837464936E-4","2.7560975609756095","0.029254601637282118","0.36283185840707965","0.4175824175824176","14","DOWN","6","true",,"false","-1.3135133333333335","DCDC2","13.285714285714286","0","14","0","0.9121951219512194","false","0","DCDC2","2240","0.3163265306122449"
"2","5.034384882839771E-4","3.5121951219512195","6.567970738395867E-4","0.2847222222222222","0.0","2","DOWN","6","true",,"false","-0.5881877777777779","KCNMB2","14.0","0","2","0","0.874390243902439","false","0","KCNMB2","84","0.6842105263157895"
"1","6.09312295530684E-8","3.90625","0.08857747900455616","0.256","0.42857142857142855","7","UP","6","true","1","false","0.9817077777777778","PGK1","6.142857142857143","0","7","0","0.9291158536585366","false","0","PGK1","7984","0.2792207792207792"
"3","1.2326728623296342E-4","1.9655172413793103","0.0032094964422550634","0.5087719298245614","0.3333333333333333","4","DOWN","4","true",,"false","-0.8107004444444446","MUC15","14.5","0","4","0","0.9580209895052474","false","0","MUC15","46","0.5480769230769231"
"2","0.01029075717331358","3.231707317073171","0.005529791742681709","0.30943396226415093","0.4888888888888889","10","DOWN","6","true",,"false","-1.3874426666666668","CFTR","12.6","0","10","0","0.8884146341463415","false","0","CFTR","354","0.37058823529411766"
"3","1.7082514876599702E-5","1.8275862068965518","0.006998887840780724","0.5471698113207547","0.2","5","DOWN","2","true",,"false","-2.0730926666666667","CELA3B","17.4","0","5","0","0.9640179910044978","false","0","CELA3B","88","0.6296296296296297"
"2","7.435323556636687E-8","3.4146341463414633","0.0","0.29285714285714287","0.0","1","DOWN","6","true",,"false","-0.6201866666666667","SCD5","9.0","0","1","0","0.8792682926829268","false","0","SCD5","0","0.0"
"1","5.746964774504617E-8","4.8203125","0.015625","0.20745542949756887","0.6","5","UP","7","true",,"false","1.0465662222222225","P4HA1","5.4","0","5","0","0.9068216463414634","false","0","P4HA1","1612","0.4727272727272727"
"2","0.0016196555500469349","3.2439024390243905","0.00109228069932677","0.3082706766917293","0.6666666666666666","9","DOWN","6","true",,"false","-0.8794726666666666","AMBP","15.0","0","9","0","0.8878048780487806","false","0","AMBP","58","0.4411764705882353"
"1","4.634051181455119E-9","4.828125","0.0","0.20711974110032363","1.0","4","UP","7","true",,"false","1.6243328888888888","EGLN3","6.75","0","4","0","0.9066310975609756","false","0","EGLN3","0","0.5625"
"4","2.5698335868550493E-8","4.166666666666667","0.08333333333333333","0.24","0.0","2","UP","6","true",,"false","0.7051448888888889","TRAK1","1.5","0","2","0","0.712121212121212","false","0","TRAK1","56","0.5"
"1","5.250981101310905E-7","4.7890625","0.03346890157000756","0.20880913539967375","0.32142857142857145","8","UP","7","true",,"false","1.1134006666666667","ENO2","4.0","0","8","0","0.9075838414634146","false","0","ENO2","3804","0.3229166666666667"
"1","1.3779022297783962E-5","5.78125","0.0","0.17297297297297298","0.0","1","UP","8","true",,"false","0.6513148888888889","ALDOC","8.0","0","1","0","0.8833841463414634","false","0","ALDOC","0","0.0"
"4","9.034439691198249E-10","5.125","0.0","0.1951219512195122","0.0","1","UP","7","true",,"false","1.1160297777777781","MTMR11","2.0","0","1","0","0.625","false","0","MTMR11","0","0.0"
"2","1.7082501221447316E-4","3.707317073170732","0.0","0.26973684210526316","0.0","1","DOWN","7","false",,"false","-0.606594","SFRP5","16.0","0","1","0","0.8646341463414634","false","0","SFRP5","0","0.0"
"3","1.1557610057373458E-5","1.896551724137931","0.003231978778305159","0.5272727272727272","0.0","4","DOWN","3","true",,"false","-2.2463915555555554","CELA3A","20.0","0","4","0","0.9610194902548725","false","0","CELA3A","74","0.7916666666666666"
"4","2.9084539350564335E-4","2.2916666666666665","0.09541062801932368","0.4363636363636364","0.3333333333333333","4","UP","5","true","1","false","0.9706664444444445","POF1B","6.0","0","4","0","0.8825757575757577","false","0","POF1B","114","0.38333333333333336"
"1","1.6924586656010433E-6","4.7734375","0.0","0.20949263502454993","1.0","2","UP","8","false",,"false","0.5916037777777778","SLC24A2","22.0","0","2","0","0.9079649390243902","false","0","SLC24A2","0","0.7333333333333333"
"4","4.1981570871114487E-4","2.5833333333333335","0.007246376811594203","0.3870967741935484","0.6666666666666666","3","UP","5","true",,"false","0.9563375555555554","CYP3A5","6.666666666666667","0","3","0","0.856060606060606","false","0","CYP3A5","16","0.5128205128205128"
"3","3.300283914882637E-6","1.8620689655172413","0.006494090666347243","0.5370370370370371","0.5","4","DOWN","2","true",,"false","-2.108408666666667","PDIA2","13.0","0","4","0","0.9625187406296851","false","0","PDIA2","30","0.4482758620689655"
"1","6.20849339698826E-9","4.703125","6.402382227416963E-4","0.21262458471760798","0.8","5","UP","8","true",,"false","0.7914413333333334","PPEF1","17.2","0","5","0","0.9096798780487805","false","0","PPEF1","694","0.4777777777777778"
"2","1.90515400557591E-7","2.573170731707317","0.03808927209977625","0.3886255924170616","0.3055555555555556","9","DOWN","6","false",,"false","-1.866188222222222","SLC16A12","11.11111111111111","0","9","0","0.9213414634146341","false","0","SLC16A12","2416","0.2777777777777778"
"4","3.5779736506970185E-10","2.4166666666666665","0.036231884057971016","0.4137931034482759","0.5","5","UP","5","true","1","false","2.6271224444444448","CEACAM6","5.6","0","5","0","0.8712121212121212","false","0","CEACAM6","40","0.37333333333333335"
"2","1.7793685017823987E-6","3.402439024390244","0.0011594197231053602","0.2939068100358423","0.6666666666666666","3","DOWN","7","true",,"false","-0.6365693333333334","NEURL1","10.333333333333334","0","3","0","0.8798780487804878","false","0","NEURL1","36","0.49206349206349204"
"4","0.0012940865108321078","2.75","0.018115942028985508","0.36363636363636365","0.3333333333333333","4","UP","6","true",,"false","0.7842493333333334","BCL2L15","4.25","0","4","0","0.8409090909090909","false","0","BCL2L15","26","0.4444444444444444"
"2","1.3168666180355008E-4","2.8658536585365852","0.013378031057582222","0.34893617021276596","0.4393939393939394","12","DOWN","6","true",,"false","-1.0333526666666666","SERPINA5","13.0","0","12","0","0.9067073170731706","false","0","SERPINA5","846","0.34210526315789475"
"3","3.201633806350724E-4","1.2413793103448276","0.2554270708038656","0.8055555555555556","0.015810276679841896","23","DOWN","3","false","1","false","-2.1295848888888886","REG1P","4.217391304347826","0","23","0","0.9895052473763117","false","0","REG1P","1006","0.31620553359683795"
"1","9.975485282070212E-6","4.640625","0.005644467557444481","0.21548821548821548","0.4666666666666667","10","UP","8","false",,"false","0.7593546666666667","MXRA5P1","12.7","0","10","0","0.911204268292683","false","0","MXRA5P1","4192","0.32564102564102565"
"3","5.496090425614042E-4","1.3103448275862069","0.18484447239399543","0.7631578947368421","0.01904761904761905","21","DOWN","3","true","1","false","-2.133576888888889","REG1B","4.428571428571429","0","21","0","0.9865067466266867","false","0","REG1B","818","0.2857142857142857"
"3","0.0022052018884754867","2.0344827586206895","0.024695216800342045","0.4915254237288136","0.027777777777777776","9","DOWN","3","false",,"false","-1.3113611111111112","REG3G","5.222222222222222","0","9","0","0.9550224887556221","false","0","REG3G","112","0.37037037037037035"
"3","1.1171853814173898E-4","2.0344827586206895","5.336617405582923E-4","0.4915254237288136","0.0","3","DOWN","4","true",,"false","-1.7786875555555555","PRSS1","21.0","0","3","0","0.9550224887556221","false","0","PRSS1","10","0.8695652173913043"
"2","7.362398220858958E-6","2.7195121951219514","0.06248813626575661","0.3677130044843049","0.3416666666666667","16","DOWN","6","false",,"false","-0.7664053333333334","FXYD2","12.0625","0","16","0","0.9140243902439025","false","0","FXYD2","3100","0.2857142857142857"
"2","2.8796020476118422E-6","3.2439024390243905","6.022282445046673E-5","0.3082706766917293","0.6666666666666666","3","DOWN","7","true",,"false","-2.6310982222222226","ALB","12.333333333333334","0","3","0","0.8878048780487806","false","0","ALB","2","0.5606060606060606"
"2","3.9571724264714495E-8","2.8292682926829267","0.028643483835629962","0.353448275862069","0.2","6","DOWN","6","true",,"false","-1.9621348888888892","ERO1LB","9.0","0","6","0","0.9085365853658537","false","0","ERO1LB","1652","0.2988505747126437"
"1","1.687072303898086E-7","4.7109375","1.2145416919038965E-4","0.21227197346600332","0.8333333333333334","4","UP","8","true",,"false","0.9837199999999997","LRRC15","18.75","0","4","0","0.9094893292682927","false","0","LRRC15","24","0.5208333333333334"
"3","1.665242358412234E-5","1.8275862068965518","0.008221651585554742","0.5471698113207547","0.0","5","DOWN","2","true","1","false","-2.71677","CEL","17.8","0","5","0","0.9640179910044978","false","0","CEL","156","0.7"
"2","1.0861494536303334E-7","2.426829268292683","0.2182333826871797","0.4120603015075377","0.19444444444444445","9","DOWN","5","true","1","false","-1.3355184444444443","BEX1","9.333333333333334","0","9","0","0.9286585365853659","false","0","BEX1","9462","0.20454545454545456"
"2","6.883811114098134E-4","3.158536585365854","0.012987939812960335","0.3166023166023166","0.0","4","DOWN","5","true",,"false","-0.600474","SYT4","10.0","0","4","0","0.8920731707317072","false","0","SYT4","1028","0.4090909090909091"
"2","1.0776057207734526E-5","2.4878048780487805","0.09265935291312553","0.4019607843137255","0.35294117647058826","17","DOWN","6","true","1","false","-0.6552648888888888","APOBEC2","11.823529411764707","0","17","0","0.9256097560975609","false","0","APOBEC2","5140","0.26871657754010697"
"2","3.7068146990486717E-4","2.8048780487804876","0.11213153678726337","0.3565217391304348","0.16666666666666666","12","DOWN","5","true",,"false","-0.6045777777777778","GRIA2","7.5","0","12","0","0.9097560975609756","false","0","GRIA2","7868","0.21323529411764705"
"4","2.3048791939475128E-7","2.5","0.08333333333333333","0.4","0.5","4","UP","5","false",,"false","1.223288222222222","SLC44A4","5.25","0","4","0","0.8636363636363636","false","0","SLC44A4","54","0.38461538461538464"
"2","5.54977575460978E-7","2.9878048780487805","4.423543267265038E-4","0.3346938775510204","0.6666666666666666","3","DOWN","6","true",,"false","-0.9889220000000004","AKAP7","10.666666666666666","0","3","0","0.900609756097561","false","0","AKAP7","26","0.48484848484848486"
"4","9.173325414577353E-5","1.7916666666666667","0.7306763285024155","0.5581395348837209","0.10909090909090909","11","UP","4","true","1","false","1.0651546666666667","PLS1","3.1818181818181817","0","11","0","0.9280303030303031","false","0","PLS1","524","0.18787878787878787"
"2","9.549621822547097E-6","3.1463414634146343","0.009686276163694845","0.3178294573643411","0.3","5","DOWN","5","false",,"false","-1.1697213333333332","FAM159B","9.0","0","5","0","0.8926829268292682","false","0","FAM159B","708","0.35833333333333334"
"1","6.574436900944181E-7","4.640625","0.0080733769861747","0.21548821548821548","0.3333333333333333","6","UP","8","true",,"false","1.6264448888888887","THBS2","13.333333333333334","0","6","0","0.911204268292683","false","0","THBS2","2316","0.32113821138211385"
"4","3.343655061008741E-7","2.5","0.08333333333333333","0.4","0.5","4","UP","5","true","1","false","1.3963273333333333","TMEM45B","5.25","0","4","0","0.8636363636363636","false","0","TMEM45B","54","0.38461538461538464"
"1","4.7022226000126476E-7","4.625","0.005395690429142235","0.21621621621621623","0.45454545454545453","11","UP","8","true",,"false","0.7533644444444445","MFAP2","12.363636363636363","0","11","0","0.9115853658536586","false","0","MFAP2","986","0.3090909090909091"
"2","1.5970228787626472E-6","2.7195121951219514","0.06680759779913492","0.3677130044843049","0.0","6","DOWN","5","true",,"false","-1.1040268888888887","ATRNL1","8.166666666666666","0","6","0","0.9140243902439025","false","0","ATRNL1","4644","0.25595238095238093"
"4","9.928810115914484E-11","3.4583333333333335","0.0","0.2891566265060241","0.0","1","UP","6","true",,"false","3.181286888888889","CEACAM5","4.0","0","1","0","0.7765151515151515","false","0","CEACAM5","0","0.0"
"4","5.174357724227967E-8","3.9166666666666665","0.0","0.25531914893617025","0.0","1","UP","7","true",,"false","1.292694","CEACAM1","3.0","0","1","0","0.7348484848484849","false","0","CEACAM1","0","0.0"
"5","2.966773922317298E-7","2.3529411764705883","0.04038932880844646","0.425","0.3333333333333333","3","DOWN","4","true",,"false","-1.0549731111111111","PRKAR2B","5.666666666666667","0","3","0","0.8647058823529411","false","0","PRKAR2B","62","0.5925925925925926"
"1","4.1313021531838E-9","4.6875","4.2120636362762343E-4","0.21333333333333335","0.8","6","UP","8","true",,"false","1.6264946666666664","NOX4","16.833333333333332","0","6","0","0.9100609756097561","false","0","NOX4","68","0.45495495495495497"
"4","8.391242052672318E-5","3.4583333333333335","0.0","0.2891566265060241","0.0","1","UP","6","true",,"false","0.8209044444444445","POC1B-GALNT4","4.0","0","1","0","0.7765151515151515","false","0","POC1B-GALNT4","0","0.0"
"1","5.6151773486036436E-6","4.65625","7.993619280463976E-4","0.21476510067114093","0.6","6","UP","8","true",,"false","1.3867726666666667","COL5A2","15.333333333333334","0","6","0","0.9108231707317073","false","0","COL5A2","104","0.38333333333333336"
"1","3.0245987324575522E-6","5.3671875","3.998183175643489E-5","0.18631732168850074","0.5","4","UP","10","true",,"false","0.6179402222222222","SPDL1","21.25","0","4","0","0.893483231707317","false","0","SPDL1","16","0.53125"
"1","5.66706400133085E-9","4.6328125","0.006651507245368459","0.21585160202360876","0.5","9","UP","8","false",,"false","1.5014524444444444","MMP11","13.222222222222221","0","9","0","0.9113948170731707","false","0","MMP11","2322","0.3277777777777778"
"1","2.193093095066083E-6","4.28125","0.0","0.23357664233576642","1.0","2","DOWN","6","false",,"false","-1.113002888888889","RNU4-56P","6.5","0","2","0","0.9199695121951219","false","0","RNU4-56P","0","0.65"
"1","6.710497990922777E-8","5.4609375","3.936608421106452E-4","0.18311874105865522","0.0","3","UP","9","true",,"false","0.6254377777777778","UNC5B","7.666666666666667","0","3","0","0.8911966463414634","false","0","UNC5B","20","0.37037037037037035"
"5","3.272804497130886E-6","1.7647058823529411","0.06831636500754147","0.5666666666666667","0.4666666666666667","6","DOWN","3","true",,"false","-1.676501111111111","ADH1B","6.333333333333333","0","6","0","0.9235294117647058","false","0","ADH1B","104","0.4222222222222222"
"1","8.826154655544725E-8","5.4921875","0.0","0.18207681365576103","0.0","1","UP","9","true",,"false","1.3104126666666664","LEF1","21.0","0","1","0","0.8904344512195121","false","0","LEF1","0","0.0"
"1","2.7174570648609187E-6","5.4140625","0.0","0.1847041847041847","1.0","2","UP","9","true",,"false","0.7477475555555556","KCND2","21.5","0","2","0","0.8923399390243902","false","0","KCND2","0","0.8269230769230769"
"1","6.668758670671101E-7","5.234375","6.557859280195999E-5","0.191044776119403","0.8333333333333334","9","UP","10","true",,"false","0.5998804444444444","NCAPG2","30.88888888888889","0","9","0","0.8967225609756098","false","0","NCAPG2","24","0.594017094017094"
"5","2.471258890441091E-7","2.235294117647059","0.0024509803921568627","0.4473684210526316","0.6666666666666666","3","DOWN","4","true",,"false","-0.7707988888888887","METTL7A","7.0","0","3","0","0.8764705882352942","false","0","METTL7A","2","0.6363636363636364"
"1","1.784332196059043E-7","5.2578125","0.002582905971338116","0.1901931649331352","0.5714285714285714","7","UP","9","true",,"false","1.6588511111111113","INHBA","14.714285714285714","0","7","0","0.8961509146341463","false","0","INHBA","186","0.4163265306122449"
"1","3.7486037442708425E-9","3.4765625","0.5200641022178278","0.2876404494382023","0.21428571428571427","8","DOWN","5","true","1","false","-1.3596111111111113","LMO3","4.625","0","8","0","0.9395960365853658","false","0","LMO3","124554","0.23125"
"1","2.2471834675687798E-5","4.4921875","0.008500030059920291","0.22260869565217392","0.5079365079365079","28","UP","9","false",,"false","0.6595716666666667","FAM72B","23.392857142857142","0","28","0","0.9148246951219512","false","0","FAM72B","3468","0.4177295918367347"
"2","0.008305323883139351","3.8292682926829267","0.0","0.2611464968152866","0.0","1","DOWN","7","true",,"false","-0.8985055555555556","UGT2B15","19.0","0","1","0","0.8585365853658538","false","0","UGT2B15","0","0.0"
"5","1.8002440002138863E-8","1.9411764705882353","0.07028186274509804","0.5151515151515151","0.3333333333333333","6","DOWN","4","true",,"false","-0.9907686666666666","FREM1","5.333333333333333","0","6","0","0.9058823529411765","false","0","FREM1","52","0.4305555555555556"
"1","4.3829105927343364E-7","4.5390625","0.0","0.22030981067125646","1.0","2","UP","7","true",,"false","1.0131846666666666","RAI14","6.5","0","2","0","0.9136814024390244","false","0","RAI14","0","0.7222222222222222"
"4","1.0268516983664463E-6","2.75","0.0","0.36363636363636365","0.0","1","UP","5","true",,"false","1.7178244444444446","TMC5","11.0","0","1","0","0.8409090909090909","false","0","TMC5","0","0.0"
"6","4.4740227045113814E-8","1.7142857142857142","0.061486132914704346","0.5833333333333334","0.5","5","UP","3","true",,"false","0.6599724444444445","OAS3","6.2","0","5","0","0.9285714285714286","false","0","OAS3","36","0.5"
"1","2.5251119530101528E-8","5.2265625","0.0011950691458167428","0.19133034379671152","0.5833333333333334","9","UP","9","true",,"false","1.0049255555555556","CTHRC1","13.88888888888889","0","9","0","0.8969131097560976","false","0","CTHRC1","146","0.3654970760233918"
"2","0.013052630834893745","3.6463414634146343","5.36986851349995E-4","0.27424749163879597","0.5","5","DOWN","7","false",,"false","-0.774875222222222","UGT2B11","13.2","0","5","0","0.8676829268292682","false","0","UGT2B11","18","0.4888888888888889"
"4","0.0013204383145056873","2.75","0.0","0.36363636363636365","0.0","1","UP","5","true",,"false","0.6376202222222223","RNF128","11.0","0","1","0","0.8409090909090909","false","0","RNF128","0","0.0"
"1","5.3010940571321E-5","4.015625","0.0","0.2490272373540856","1.0","2","DOWN","6","true",,"false","-0.6254837777777777","CHN2","5.5","0","2","0","0.9264481707317073","false","0","CHN2","0","0.6111111111111112"
"1","4.842660095673165E-6","4.484375","0.0059303715215133545","0.2229965156794425","0.5443349753694581","29","UP","9","true",,"false","0.8060082222222222","CDC6","23.517241379310345","0","29","0","0.915015243902439","false","0","CDC6","3350","0.41995073891625617"
"2","1.5243061593229546E-4","3.0","0.012036372712243318","0.3333333333333333","0.38181818181818183","11","DOWN","6","true",,"false","-0.9056875555555555","TRPV6","12.454545454545455","0","11","0","0.9","false","0","TRPV6","1082","0.35584415584415585"
"6","1.1070541185838336E-5","1.7142857142857142","0.14505494505494507","0.5833333333333334","0.5","5","UP","3","true",,"false","0.8046553333333334","MX1","6.2","0","5","0","0.9285714285714286","false","0","MX1","48","0.5"
"1","1.257131212696489E-6","5.3671875","4.289991094863142E-4","0.18631732168850074","0.5","4","UP","9","true",,"false","1.4414826666666667","COL8A1","15.0","0","4","0","0.893483231707317","false","0","COL8A1","38","0.5086206896551724"
"1","1.140388411525499E-6","4.4609375","0.008895658598187223","0.22416812609457093","0.4939516129032258","32","UP","9","true",,"false","0.9607655555555558","CCNB2","22.84375","0","32","0","0.9155868902439024","false","0","CCNB2","4740","0.40792410714285715"
"1","3.99200592146407E-7","4.6796875","0.004829423293260792","0.21368948247078465","0.5357142857142857","8","UP","8","true",,"false","1.732026","COL12A1","14.375","0","8","0","0.9102515243902439","false","0","COL12A1","1510","0.3993055555555556"
"1","5.985985100615465E-7","4.6328125","0.0037806695624325727","0.21585160202360876","0.5416666666666666","16","UP","9","true",,"false","1.2180584444444442","ASPM","25.9375","0","16","0","0.9113948170731707","false","0","ASPM","1062","0.51875"
"1","1.0415309809898946E-6","5.0390625","0.0","0.19844961240310077","0.0","1","UP","9","true",,"false","0.8116242222222223","DEPDC1B","16.0","0","1","0","0.9014862804878049","false","0","DEPDC1B","0","0.0"
"6","5.0472530398370055E-5","1.6428571428571428","0.09236002093144952","0.6086956521739131","0.4666666666666667","6","UP","3","true","1","false","0.6455628888888889","PARP9","6.0","0","6","0","0.9357142857142857","false","0","PARP9","50","0.4861111111111111"
